{
    "rmse": 0.7213277062157503,
    "mae": 0.5674774572849174,
    "r2": 0.25603051330906046
}